<?xml version="1.0" encoding="UTF-8"?>
<!DOCTYPE mapper PUBLIC "-//mybatis.org//DTD Mapper 3.0//EN" "http://mybatis.org/dtd/mybatis-3-mapper.dtd" >

<mapper namespace="noticeMapper">
	<select id="selectListCount" resultType="_int">
		SELECT COUNT(*) FROM notice
	</select>
	
	<!-- DTO랑 똑같음, 근데 얘는 DB 컬럼이랑 DTO랑 맞춰주는거 -->
	<resultMap type="notice" id="noticeResultSet">
		<result column="N_IDX" property="idx"></result>
		<result column="N_TITLE" property="title"></result>
		<result column="N_CONTENT" property="content"></result>
		<result column="N_WRITER" property="writer"></result>
		<result column="N_CREATE_DATE" property="createDate"></result>
		<result column="N_VIEWS" property="views"></result>
	</resultMap>
	
	<select id="selectListAll" resultMap="noticeResultSet">
		SELECT * FROM notice
		ORDER BY N_CREATE_DATE DESC
	</select>
	
</mapper>









